title;first_line;image
GWC Aufkleber (Logo);5.- CHF (Gross)   |   2.50 CHF (Klein);sticker_logo.jpg
GWC Aufkleber (Link);5.- CHF (Gross)   |   2.50 CHF (Klein);sticker_website.jpg
GWC Hoodie;100.- CHF;hoodie.jpg
GWC Softshell-Jacke;130.- CHF;jacket.jpg
GWC Poloshirt;35.- CHF;poloshirt.jpg
GWC T-Shirt Men;25.- CHF;shirt_men.jpg
GWC T-Shirt Woman;25.- CHF;shirt_woman.jpg
GWC Tanktop Men;25.- CHF;tanktop_men.jpg
GWC Tanktop Woman;25.- CHF;tanktop_woman.jpg
GWC Cap und "Pl√§tz"; Gratis (Solange Vorrat);cap_patches.jpg
